,Name,K%,BB%,SwStr%,IP/G,xFIP,ParkFactor
0,,,,,,,
1,Jacob deGrom,0.3125,4.6875,17.252707868748008,3.9166666666666665,2.80499,101
2,Brady Singer,0.22589531680440772,6.887052341597796,11.530726884619705,5.688888888888888,3.62191,97
3,Taj Bradley,0.24068767908309455,7.163323782234957,14.004426262490778,5.511111111111111,3.62121,101
4,Bryce Miller,0.24561403508771928,5.555555555555555,11.809007989437236,5.911111111111111,3.85442,97
5,Tanner Bibee,0.22988505747126436,6.896551724137931,13.48173573182342,5.733333333333333,3.72213,100
6,Robbie Ray,0.31543624161073824,10.738255033557047,16.84723726977248,4.5,4.09284,97
7,Spencer Arrighetti,0.2865671641791045,8.358208955223882,13.103172964415998,5.466666666666667,4.00765,102
8,Nick Pivetta,0.28994082840236685,5.9171597633136095,12.654316572491238,5.666666666666667,3.4976,97
