,Name,K%,BB%,SwStr%,IP/G,xFIP,ParkFactor
0,,,,,,,
1,Tanner Houck,16.42651296829971,9.798270893371757,10.451678658356231,5.377777777777778,3.57507,99
2,Charlie Morton,24.556213017751478,8.875739644970414,12.399352117627958,5.088888888888889,3.98757,99
3,Taijuan Walker,14.23611111111111,9.722222222222223,7.885299934080422,4.2,5.29255,101
4,Antonio Senzatela,10.0,10.0,7.933081489476525,4.4,5.81623,101
